Workbook

Sheet Summary
A1: EU Cyber Resilience Act — Compliance Assessment
A2: Regulation (EU) 2024/2847
A4: Product Description | B4: SecureFlow is a secure digital platform designed to streamline the management, analysis, and protection of sensitive information within organizations. It enables teams to securely collect, process, and share data through controlled workflows while maintaining strict access control and traceability. The platform integrates advanced security mechanisms such as end-to-end encryption, role-based access management, and automated audit logging to ensure compliance with modern cybersecurity and data protection standards. By centralizing processes and enforcing secure data handling practices, SecureFlow helps organizations reduce operational risks, improve collaboration, and maintain full visibility over critical information flows.
A5: CRA Classification | B5: CLASS I
A6: Annex III Categories | B6: Identity management systems and privileged access management software/hardware (including authentication readers, biometric readers), Network management systems, SIEM systems (security information and event management)
A7: Actor Role | B7: manufacturer
A8: Classification Confidence | B8: high
A9: Classification Reasoning | B9: The product description highlights 'strict access control' and 'role-based access management', directly aligning with Identity and Access Management. 'Streamline the management, analysis, and protection of sensitive information' and 'visibility over critical information flows' point towards Network Management and SIEM capabilities, which deal with managing and monitoring network activities and security events.
A10: Conformity Assessment Route | B10: Art. 32(2): Self-assessment IF harmonised standards / common specs / EU cybersecurity certification (assurance level 'substantial') are applied. Otherwise: third-party assessment per Annex VIII (EU-type examination) or Art. 32(2)(b) conformity based on full quality assurance.
A12: Total Obligations | B12: 139
A13: Obligations with Verifications | B13: 0
A14: Obligations with Evidence Suggestions | B14: 114
A15: Obligations with Deadlines | B15: 16
A16: Articles Covered | B16: 19
A19: Status Legend
A20: Compliant | B20: All verification actions verified
A21: Not Compliant | B21: Obligation not met — action required
A22: Partially Compliant | B22: Some verifications verified
A23: Not Applicable | B23: Obligation does not apply to this product
A26: How to Use
A27: 1. Go to the 'Verification Actions' sheet
A28: 2. For each verification, set Status to 'Verified' or 'Not Verified'
A29: 3. The 'Obligations' sheet Status column auto-updates based on verification statuses
A30: 4. When ALL verifications for an obligation are 'Verified', the obligation becomes 'Compliant'
A31: 5. Override the auto-status in the Obligations sheet if needed (e.g. 'Not Applicable')
A32: 6. Use the Evidence column to reference your documentation
A33: 7. Filter by Article or Status to focus on specific areas

Sheet Obligations
A1: # | B1: Obligation ID | C1: Article | D1: Article Title | E1: Paragraph | F1: Obligation | G1: Trigger | H1: Deadline | I1: Status | J1: Evidence | K1: Notes
A2: 1 | B2: AnnI_PartII_par3_17 | C2: Annex I | E2: Annex I, Part II, point 3 | F2: apply effective and regular tests and reviews of the security of the product with digital elements | I2: =IF(COUNTIF('Verification Actions'!B2:B343,"* "&B2&" *")=0,"",IF(COUNTIFS('Verification Actions'!B2:B343,"* "&B2&" *",'Verification Actions'!E2:E343,"Verified")=COUNTIF('Verification Actions'!B2:B343,"* "&B2&" *"),"Compliant",IF(COUNTIFS('Verification Actions'!B2:B343,"* "&B2&" *",'Verification Actions'!E2:E343,"Verified")>0,"Partially Compliant","Not Compliant")))
A3: 2 | B3: AnnI_PartII_par4_18 | C3: Annex I | E3: Annex I, Part II, point 4 | F3: share and publicly disclose information about fixed vulnerabilities, including a description of the vulnerabilities, information allowing users to identify the product with digital elements affected, the impacts of the vulnerabilities, their severity and clear and accessible information helping users to remediate the vulnerabilities; in duly justified cases, where manufacturers consider the security risks of publication to outweigh the security benefits, they may delay making public information regarding a fixed vulnerability until after users have been given the possibility to apply the relevant patch | G3: Once a security update has been made available | I3: =IF(COUNTIF('Verification Actions'!B2:B343,"* "&B3&" *")=0,"",IF(COUNTIFS('Verification Actions'!B2:B343,"* "&B3&" *",'Verification Actions'!E2:E343,"Verified")=COUNTIF('Verification Actions'!B2:B343,"* "&B3&" *"),"Compliant",IF(COUNTIFS('Verification Actions'!B2:B343,"* "&B3&" *",'Verification Actions'!E2:E343,"Verified")>0,"Partially Compliant","Not Compliant")))
A4: 3 | B4: AnnI_PartII_par6_20 | C4: Annex I | E4: Annex I, Part II, point 6 | F4: take measures to facilitate the sharing of information about potential vulnerabilities in their product with digital elements as well as in third-party components contained in that product, including by providing a contact address for the reporting of the vulnerabilities discovered in the product with digital elements | I4: =IF(COUNTIF('Verification Actions'!B2:B343,"* "&B4&" *")=0,"",IF(COUNTIFS('Verification Actions'!B2:B343,"* "&B4&" *",'Verification Actions'!E2:E343,"Verified")=COUNTIF('Verification Actions'!B2:B343,"* "&B4&" *"),"Compliant",IF(COUNTIFS('Verification Actions'!B2:B343,"* "&B4&" *",'Verification Actions'!E2:E343,"Verified")>0,"Partially Compliant","Not Compliant")))
A5: 4 | B5: AnnI_PartII_par7_21 | C5: Annex I | E5: Annex I, Part II, point 7 | F5: provide for mechanisms to securely distribute updates for products with digital elements to ensure that vulnerabilities are fixed or mitigated in a timely manner and, where applicable for security updates, in an automatic manner | H5: in a timely manner | I5: =IF(COUNTIF('Verification Actions'!B2:B343,"* "&B5&" *")=0,"",IF(COUNTIFS('Verification Actions'!B2:B343,"* "&B5&" *",'Verification Actions'!E2:E343,"Verified")=COUNTIF('Verification Actions'!B2:B343,"* "&B5&" *"),"Compliant",IF(COUNTIFS('Verification Actions'!B2:B343,"* "&B5&" *",'Verification Actions'!E2:E343,"Verified")>0,"Partially Compliant","Not Compliant")))
A6: 5 | B6: AnnI_par1_1 | C6: Annex I | E6: Annex I, point 1 | F6: be designed, developed and produced in such a way that they ensure an appropriate level of cybersecurity based on the risks | I6: =IF(COUNTIF('Verification Actions'!B2:B343,"* "&B6&" *")=0,"",IF(COUNTIFS('Verification Actions'!B2:B343,"* "&B6&" *",'Verification Actions'!E2:E343,"Verified")=COUNTIF('Verification Actions'!B2:B343,"* "&B6&" *"),"Compliant",IF(COUNTIFS('Verification Actions'!B2:B343,"* "&B6&" *",'Verification Actions'!E2:E343,"Verified")>0,"Partially Compliant","Not Compliant")))
A7: 6 | B7: AnnI_par2_10 | C7: Annex I | E7: Annex I, point 2(i) | F7: minimise the negative impact by the products themselves or connected devices on the availability of services provided by other devices or networks | G7: On the basis of the cybersecurity risk assessment referred to in Article 13(2) and where applicable | I7: =IF(COUNTIF('Verification Actions'!B2:B343,"* "&B7&" *")=0,"",IF(COUNTIFS('Verification Actions'!B2:B343,"* "&B7&" *",'Verification Actions'!E2:E343,"Verified")=COUNTIF('Verification Actions'!B2:B343,"* "&B7&" *"),"Compliant",IF(COUNTIFS('Verification Actions'!B2:B343,"* "&B7&" *",'Verification Actions'!E2:E343,"Verified")>0,"Partially Compliant","Not Compliant")))
A8: 7 | B8: AnnI_par2_11 | C8: Annex I | E8: Annex I, point 2(j) | F8: be designed, developed and produced to limit attack surfaces, including external interfaces | G8: On the basis of the cybersecurity risk assessment referred to in Article 13(2) and where applicable | I8: =IF(COUNTIF('Verification Actions'!B2:B343,"* "&B8&" *")=0,"",IF(COUNTIFS('Verification Actions'!B2:B343,"* "&B8&" *",'Verification Actions'!E2:E343,"Verified")=COUNTIF('Verification Actions'!B2:B343,"* "&B8&" *"),"Compliant",IF(COUNTIFS('Verification Actions'!B2:B343,"* "&B8&" *",'Verification Actions'!E2:E343,"Verified")>0,"Partially Compliant","Not Compliant")))
A9: 8 | B9: AnnI_par2_12 | C9: Annex I | E9: Annex I, point 2(k) | F9: be designed, developed and produced to reduce the impact of an incident using appropriate exploitation mitigation mechanisms and techniques | G9: On the basis of the cybersecurity risk assessment referred to in Article 13(2) and where applicable | I9: =IF(COUNTIF('Verification Actions'!B2:B343,"* "&B9&" *")=0,"",IF(COUNTIFS('Verification Actions'!B2:B343,"* "&B9&" *",'Verification Actions'!E2:E343,"Verified")=COUNTIF('Verification Actions'!B2:B343,"* "&B9&" *"),"Compliant",IF(COUNTIFS('Verification Actions'!B2:B343,"* "&B9&" *",'Verification Actions'!E2:E343,"Verified")>0,"Partially Compliant","Not Compliant")))
A10: 9 | B10: AnnI_par2_13 | C10: Annex I | E10: Annex I, point 2(l) | F10: provide security related information by recording and monitoring relevant internal activity, including the access to or modification of data, services or functions, with an opt-out mechanism for the user | G10: On the basis of the cybersecurity risk assessment referred to in Article 13(2) and where applicable | I10: =IF(COUNTIF('Verification Actions'!B2:B343,"* "&B10&" *")=0,"",IF(COUNTIFS('Verification Actions'!B2:B343,"* "&B10&" *",'Verification Actions'!E2:E343,"Verified")=COUNTIF('Verification Actions'!B2:B343,"* "&B10&" *"),"Compliant",IF(COUNTIFS('Verification Actions'!B2:B343,"* "&B10&" *",'Verification Actions'!E2:E343,"Verified")>0,"Partially Compliant","Not Compliant")))
A11: 10 | B11: AnnI_par2_14 | C11: Annex I | E11: Annex I, point 2(m) | F11: provide the possibility for users to securely and easily remove on a permanent basis all data and settings and, where such data can be transferred to other products or systems, ensure that this is done in a secure manner | G11: On the basis of the cybersecurity risk assessment referred to in Article 13(2) and where applicable | I11: =IF(COUNTIF('Verification Actions'!B2:B343,"* "&B11&" *")=0,"",IF(COUNTIFS('Verification Actions'!B2:B343,"* "&B11&" *",'Verification Actions'!E2:E343,"Verified")=COUNTIF('Verification Actions'!B2:B343,"* "&B11&" *"),"Compliant",IF(COUNTIFS('Verification Actions'!B2:B343,"* "&B11&" *",'Verification Actions'!E2:E343,"Verified")>0,"Partially Compliant","Not Compliant")))
A12: 11 | B12: AnnI_par2_2 | C12: Annex I | E12: Annex I, point 2(a) | F12: be made available on the market without known exploitable vulnerabilities | G12: On the basis of the cybersecurity risk assessment referred to in Article 13(2) and where applicable | I12: =IF(COUNTIF('Verification Actions'!B2:B343,"* "&B12&" *")=0,"",IF(COUNTIFS('Verification Actions'!B2:B343,"* "&B12&" *",'Verification Actions'!E2:E343,"Verified")=COUNTIF('Verification Actions'!B2:B343,"* "&B12&" *"),"Compliant",IF(COUNTIFS('Verification Actions'!B2:B343,"* "&B12&" *",'Verification Actions'!E2:E343,"Verified")>0,"Partially Compliant","Not Compliant")))
A13: 12 | B13: AnnI_par2_3 | C13: Annex I | E13: Annex I, point 2(b) | F13: be made available on the market with a secure by default configuration, unless otherwise agreed between manufacturer and business user in relation to a tailor-made product with digital elements, including the possibility to reset the product to its original state | G13: On the basis of the cybersecurity risk assessment referred to in Article 13(2) and where applicable | I13: =IF(COUNTIF('Verification Actions'!B2:B343,"* "&B13&" *")=0,"",IF(COUNTIFS('Verification Actions'!B2:B343,"* "&B13&" *",'Verification Actions'!E2:E343,"Verified")=COUNTIF('Verification Actions'!B2:B343,"* "&B13&" *"),"Compliant",IF(COUNTIFS('Verification Actions'!B2:B343,"* "&B13&" *",'Verification Actions'!E2:E343,"Verified")>0,"Partially Compliant","Not Compliant")))
A14: 13 | B14: AnnI_par2_4 | C14: Annex I | E14: Annex I, point 2(c) | F14: ensure that vulnerabilities can be addressed through security updates, including, where applicable, through automatic security updates that are installed within an appropriate timeframe enabled as a default setting, with a clear and easy-to-use opt-out mechanism, through the notification of available updates to users, and the option to temporarily postpone them | G14: On the basis of the cybersecurity risk assessment referred to in Article 13(2) and where applicable | I14: =IF(COUNTIF('Verification Actions'!B2:B343,"* "&B14&" *")=0,"",IF(COUNTIFS('Verification Actions'!B2:B343,"* "&B14&" *",'Verification Actions'!E2:E343,"Verified")=COUNTIF('Verification Actions'!B2:B343,"* "&B14&" *"),"Compliant",IF(COUNTIFS('Verification Actions'!B2:B343,"* "&B14&" *",'Verification Actions'!E2:E343,"Verified")>0,"Partially Compliant","Not Compliant")))
A15: 14 | B15: AnnI_par2_5 | C15: Annex I | E15: Annex I, point 2(d) | F15: ensure protection from unauthorised access by appropriate control mechanisms, including but not limited to authentication, identity or access management systems, and report on possible unauthorised access | G15: On the basis of the cybersecurity risk assessment referred to in Article 13(2) and where applicable | I15: =IF(COUNTIF('Verification Actions'!B2:B343,"* "&B15&" *")=0,"",IF(COUNTIFS('Verification Actions'!B2:B343,"* "&B15&" *",'Verification Actions'!E2:E343,"Verified")=COUNTIF('Verification Actions'!B2:B343,"* "&B15&" *"),"Compliant",IF(COUNTIFS('Verification Actions'!B2:B343,"* "&B15&" *",'Verification Actions'!E2:E343,"Verified")>0,"Partially Compliant","Not Compliant")))
A16: 15 | B16: AnnI_par2_6 | C16: Annex I | E16: Annex I, point 2(e) | F16: protect the confidentiality of stored, transmitted or otherwise processed data, personal or other, such as by encrypting relevant data at rest or in transit by state of the art mechanisms, and by using other technical means | G16: On the basis of the cybersecurity risk assessment referred to in Article 13(2) and where applicable | I16: =IF(COUNTIF('Verification Actions'!B2:B343,"* "&B16&" *")=0,"",IF(COUNTIFS('Verification Actions'!B2:B343,"* "&B16&" *",'Verification Actions'!E2:E343,"Verified")=COUNTIF('Verification Actions'!B2:B343,"* "&B16&" *"),"Compliant",IF(COUNTIFS('Verification Actions'!B2:B343,"* "&B16&" *",'Verification Actions'!E2:E343,"Verified")>0,"Partially Compliant","Not Compliant")))
A17: 16 | B17: AnnI_par2_7 | C17: Annex I | E17: Annex I, point 2(f) | F17: protect the integrity of stored, transmitted or otherwise processed data, personal or other, commands, programs and configuration against any manipulation or modification not authorised by the user, and report on corruptions | G17: On the basis of the cybersecurity risk assessment referred to in Article 13(2) and where applicable | I17: =IF(COUNTIF('Verification Actions'!B2:B343,"* "&B17&" *")=0,"",IF(COUNTIFS('Verification Actions'!B2:B343,"* "&B17&" *",'Verification Actions'!E2:E343,"Verified")=COUNTIF('Verification Actions'!B2:B343,"* "&B17&" *"),"Compliant",IF(COUNTIFS('Verification Actions'!B2:B343,"* "&B17&" *",'Verification Actions'!E2:E343,"Verified")>0,"Partially Compliant","Not Compliant")))
A18: 17 | B18: AnnI_par2_8 | C18: Annex I | E18: Annex I, point 2(g) | F18: process only data, personal or other, that are adequate, relevant and limited to what is necessary in relation to the intended purpose of the product with digital elements (data minimisation) | G18: On the basis of the cybersecurity risk assessment referred to in Article 13(2) and where applicable | I18: =IF(COUNTIF('Verification Actions'!B2:B343,"* "&B18&" *")=0,"",IF(COUNTIFS('Verification Actions'!B2:B343,"* "&B18&" *",'Verification Actions'!E2:E343,"Verified")=COUNTIF('Verification Actions'!B2:B343,"* "&B18&" *"),"Compliant",IF(COUNTIFS('Verification Actions'!B2:B343,"* "&B18&" *",'Verification Actions'!E2:E343,"Verified")>0,"Partially Compliant","Not Compliant")))
A19: 18 | B19: AnnI_par2_9 | C19: Annex I | E19: Annex I, point 2(h) | F19: protect the availability of essential and basic functions, also after an incident, including through resilience and mitigation measures against denial-of-service attacks | G19: On the basis of the cybersecurity risk assessment referred to in Article 13(2) and where applicable | I19: =IF(COUNTIF('Verification Actions'!B2:B343,"* "&B19&" *")=0,"",IF(COUNTIFS('Verification Actions'!B2:B343,"* "&B19&" *",'Verification Actions'!E2:E343,"Verified")=COUNTIF('Verification Actions'!B2:B343,"* "&B19&" *"),"Compliant",IF(COUNTIFS('Verification Actions'!B2:B343,"* "&B19&" *",'Verification Actions'!E2:E343,"Verified")>0,"Partially Compliant","Not Compliant")))
A20: 19 | B20: AnnI_PartII_par1_15 | C20: Annex I | E20: Annex I, Part II, point 1 | F20: identify and document vulnerabilities and components contained in products with digital elements, including by drawing up a software bill of materials in a commonly used and machine-readable format covering at the very least the top-level dependencies of the products | I20: =IF(COUNTIF('Verification Actions'!B2:B343,"* "&B20&" *")=0,"",IF(COUNTIFS('Verification Actions'!B2:B343,"* "&B20&" *",'Verification Actions'!E2:E343,"Verified")=COUNTIF('Verification Actions'!B2:B343,"* "&B20&" *"),"Compliant",IF(COUNTIFS('Verification Actions'!B2:B343,"* "&B20&" *",'Verification Actions'!E2:E343,"Verified")>0,"Partially Compliant","Not Compliant")))
A21: 20 | B21: AnnI_PartII_par2_16 | C21: Annex I | E21: Annex I, Part II, point 2 | F21: address and remediate vulnerabilities without delay, including by providing security updates; where technically feasible, new security updates shall be provided separately from functionality updates | G21: In relation to the risks posed to products with digital elements | H21: without delay | I21: =IF(COUNTIF('Verification Actions'!B2:B343,"* "&B21&" *")=0,"",IF(COUNTIFS('Verification Actions'!B2:B343,"* "&B21&" *",'Verification Actions'!E2:E343,"Verified")=COUNTIF('Verification Actions'!B2:B343,"* "&B21&" *"),"Compliant",IF(COUNTIFS('Verification Actions'!B2:B343,"* "&B21&" *",'Verification Actions'!E2:E343,"Verified")>0,"Partially Compliant","Not Compliant")))
A22: 21 | B22: AnnI_PartII_par5_19 | C22: Annex I | E22: Annex I, Part II, point 5 | F22: put in place and enforce a policy on coordinated vulnerability disclosure | I22: =IF(COUNTIF('Verification Actions'!B2:B343,"* "&B22&" *")=0,"",IF(COUNTIFS('Verification Actions'!B2:B343,"* "&B22&" *",'Verification Actions'!E2:E343,"Verified")=COUNTIF('Verification Actions'!B2:B343,"* "&B22&" *"),"Compliant",IF(COUNTIFS('Verification Actions'!B2:B343,"* "&B22&" *",'Verification Actions'!E2:E343,"Verified")>0,"Partially Compliant","Not Compliant")))
A23: 22 | B23: AnnI_PartII_par8_22 | C23: Annex I | E23: Annex I, Part II, point 8 | F23: ensure that, where security updates are available to address identified security issues, they are disseminated without delay and, unless otherwise agreed between a manufacturer and a business user in relation to a tailor-made product with digital elements, free of charge, accompanied by advisory messages providing users with the relevant information, including on potential action to be taken | G23: Where security updates are available to address identified security issues | H23: without delay | I23: =IF(COUNTIF('Verification Actions'!B2:B343,"* "&B23&" *")=0,"",IF(COUNTIFS('Verification Actions'!B2:B343,"* "&B23&" *",'Verification Actions'!E2:E343,"Verified")=COUNTIF('Verification Actions'!B2:B343,"* "&B23&" *"),"Compliant",IF(COUNTIFS('Verification Actions'!B2:B343,"* "&B23&" *",'Verification Actions'!E2:E343,"Verified")>0,"Partially Compliant","Not Compliant")))
A24: 23 | B24: AnnII_par1_1 | C24: Annex II | E24: Annex II, point 1 | F24: accompany the product with digital elements with the name, registered trade name or registered trademark, and the postal address, the email address or other digital contact as well as, where available, the website at which the manufacturer can be contacted | I24: =IF(COUNTIF('Verification Actions'!B2:B343,"* "&B24&" *")=0,"",IF(COUNTIFS('Verification Actions'!B2:B343,"* "&B24&" *",'Verification Actions'!E2:E343,"Verified")=COUNTIF('Verification Actions'!B2:B343,"* "&B24&" *"),"Compliant",IF(COUNTIFS('Verification Actions'!B2:B343,"* "&B24&" *",'Verification Actions'!E2:E343,"Verified")>0,"Partially Compliant","Not Compliant")))
A25: 24 | B25: AnnII_par2_2 | C25: Annex II | E25: Annex II, point 2 | F25: accompany the product with digital elements with the single point of contact where information about vulnerabilities of the product with digital elements can be reported and received, and where the manufacturer’s policy on coordinated vulnerability disclosure can be found | I25: =IF(COUNTIF('Verification Actions'!B2:B343,"* "&B25&" *")=0,"",IF(COUNTIFS('Verification Actions'!B2:B343,"* "&B25&" *",'Verification Actions'!E2:E343,"Verified")=COUNTIF('Verification Actions'!B2:B343,"* "&B25&" *"),"Compliant",IF(COUNTIFS('Verification Actions'!B2:B343,"* "&B25&" *",'Verification Actions'!E2:E343,"Verified")>0,"Partially Compliant","Not Compliant")))
A26: 25 | B26: AnnII_par3_3 | C26: Annex II | E26: Annex II, point 3 | F26: accompany the product with digital elements with name and type and any additional information enabling the unique identification of the product with digital elements | I26: =IF(COUNTIF('Verification Actions'!B2:B343,"* "&B26&" *")=0,"",IF(COUNTIFS('Verification Actions'!B2:B343,"* "&B26&" *",'Verification Actions'!E2:E343,"Verified")=COUNTIF('Verification Actions'!B2:B343,"* "&B26&" *"),"Compliant",IF(COUNTIFS('Verification Actions'!B2:B343,"* "&B26&" *",'Verification Actions'!E2:E343,"Verified")>0,"Partially Compliant","Not Compliant")))
A27: 26 | B27: AnnII_par4_4 | C27: Annex II | E27: Annex II, point 4 | F27: accompany the product with digital elements with the intended purpose, including the security environment provided by the manufacturer, as well as the product’s essential functionalities and information about the security properties | I27: =IF(COUNTIF('Verification Actions'!B2:B343,"* "&B27&" *")=0,"",IF(COUNTIFS('Verification Actions'!B2:B343,"* "&B27&" *",'Verification Actions'!E2:E343,"Verified")=COUNTIF('Verification Actions'!B2:B343,"* "&B27&" *"),"Compliant",IF(COUNTIFS('Verification Actions'!B2:B343,"* "&B27&" *",'Verification Actions'!E2:E343,"Verified")>0,"Partially Compliant","Not Compliant")))
A28: 27 | B28: AnnII_par5_5 | C28: Annex II | E28: Annex II, point 5 | F28: accompany the product with digital elements with any known or foreseeable circumstance, related to the use of the product with digital elements in accordance with its intended purpose or under conditions of reasonably foreseeable misuse, which may lead to significant cybersecurity risks | I28: =IF(COUNTIF('Verification Actions'!B2:B343,"* "&B28&" *")=0,"",IF(COUNTIFS('Verification Actions'!B2:B343,"* "&B28&" *",'Verification Actions'!E2:E343,"Verified")=COUNTIF('Verification Actions'!B2:B343,"* "&B28&" *"),"Compliant",IF(COUNTIFS('Verification Actions'!B2:B343,"* "&B28&" *",'Verification Actions'!E2:E343,"Verified")>0,"Partially Compliant","Not Compliant")))
A29: 28 | B29: AnnII_par6_6 | C29: Annex II | E29: Annex II, point 6 | F29: accompany the product with digital elements with the internet address at which the EU declaration of conformity can be accessed, where applicable | I29: =IF(COUNTIF('Verification Actions'!B2:B343,"* "&B29&" *")=0,"",IF(COUNTIFS('Verification Actions'!B2:B343,"* "&B29&" *",'Verification Actions'!E2:E343,"Verified")=COUNTIF('Verification Actions'!B2:B343,"* "&B29&" *"),"Compliant",IF(COUNTIFS('Verification Actions'!B2:B343,"* "&B29&" *",'Verification Actions'!E2:E343,"Verified")>0,"Partially Compliant","Not Compliant")))
A30: 29 | B30: AnnII_par7_7 | C30: Annex II | E30: Annex II, point 7 | F30: accompany the product with digital elements with the type of technical security support offered by the manufacturer and the end-date of the support period during which users can expect vulnerabilities to be handled and to receive security updates | I30: =IF(COUNTIF('Verification Actions'!B2:B343,"* "&B30&" *")=0,"",IF(COUNTIFS('Verification Actions'!B2:B343,"* "&B30&" *",'Verification Actions'!E2:E343,"Verified")=COUNTIF('Verification Actions'!B2:B343,"* "&B30&" *"),"Compliant",IF(COUNTIFS('Verification Actions'!B2:B343,"* "&B30&" *",'Verification Actions'!E2:E343,"Verified")>0,"Partially Compliant","Not Compliant")))
A31: 30 | B31: AnnII_par8_8 | C31: Annex II | E31: Annex II, point 8 | F31: accompany the product with digital elements with detailed instructions or an internet address referring to such detailed instructions and information on: the necessary measures during initial commissioning and throughout the lifetime of the product with digital elements to ensure its secure use; how changes to the product with digital elements can affect the security of data; how security-relevant updates can be installed; the secure decommissioning of the product with digital elements, including information on how user data can be securely removed; how the default setting enabling the automatic installation of security updates, as required by Part I, point (2)(c), of Annex I, can be turned off; where the product with digital elements is intended for integration into other products with digital elements, the information necessary for the integrator to comply with the essential cybersecurity requirements set out in Annex I and the documentation requirements set out in Annex VII | I31: =IF(COUNTIF('Verification Actions'!B2:B343,"* "&B31&" *")=0,"",IF(COUNTIFS('Verification Actions'!B2:B343,"* "&B31&" *",'Verification Actions'!E2:E343,"Verified")=COUNTIF('Verification Actions'!B2:B343,"* "&B31&" *"),"Compliant",IF(COUNTIFS('Verification Actions'!B2:B343,"* "&B31&" *",'Verification Actions'!E2:E343,"Verified")>0,"Partially Compliant","Not Compliant")))
A32: 31 | B32: AnnII_par9_9 | C32: Annex II | E32: Annex II, point 9 | F32: make available information on where the software bill of materials can be accessed, if the manufacturer decides to make it available to the user | I32: =IF(COUNTIF('Verification Actions'!B2:B343,"* "&B32&" *")=0,"",IF(COUNTIFS('Verification Actions'!B2:B343,"* "&B32&" *",'Verification Actions'!E2:E343,"Verified")=COUNTIF('Verification Actions'!B2:B343,"* "&B32&" *"),"Compliant",IF(COUNTIFS('Verification Actions'!B2:B343,"* "&B32&" *",'Verification Actions'!E2:E343,"Verified")>0,"Partially Compliant","Not Compliant")))
A33: 32 | B33: AnnV_par1_1 | C33: Annex V | E33: Annex V, point 1 | F33: contain name and type and any additional information enabling the unique identification of the product with digital elements | I33: =IF(COUNTIF('Verification Actions'!B2:B343,"* "&B33&" *")=0,"",IF(COUNTIFS('Verification Actions'!B2:B343,"* "&B33&" *",'Verification Actions'!E2:E343,"Verified")=COUNTIF('Verification Actions'!B2:B343,"* "&B33&" *"),"Compliant",IF(COUNTIFS('Verification Actions'!B2:B343,"* "&B33&" *",'Verification Actions'!E2:E343,"Verified")>0,"Partially Compliant","Not Compliant")))
A34: 33 | B34: AnnV_par4_4 | C34: Annex V | E34: Annex V, point 4 | F34: contain object of the declaration (identification of the product with digital elements allowing traceability, which may include a photograph, where appropriate) | I34: =IF(COUNTIF('Verification Actions'!B2:B343,"* "&B34&" *")=0,"",IF(COUNTIFS('Verification Actions'!B2:B343,"* "&B34&" *",'Verification Actions'!E2:E343,"Verified")=COUNTIF('Verification Actions'!B2:B343,"* "&B34&" *"),"Compliant",IF(COUNTIFS('Verification Actions'!B2:B343,"* "&B34&" *",'Verification Actions'!E2:E343,"Verified")>0,"Partially Compliant","Not Compliant")))
A35: 34 | B35: AnnV_par5_5 | C35: Annex V | E35: Annex V, point 5 | F35: contain a statement that the object of the declaration described above is in conformity with the relevant Union harmonisation legislation | I35: =IF(COUNTIF('Verification Actions'!B2:B343,"* "&B35&" *")=0,"",IF(COUNTIFS('Verification Actions'!B2:B343,"* "&B35&" *",'Verification Actions'!E2:E343,"Verified")=COUNTIF('Verification Actions'!B2:B343,"* "&B35&" *"),"Compliant",IF(COUNTIFS('Verification Actions'!B2:B343,"* "&B35&" *",'Verification Actions'!E2:E343,"Verified")>0,"Partially Compliant","Not Compliant")))
A36: 35 | B36: AnnVI_par1_2 | C36: Annex VI | E36: Annex VI, point 1 | F36: State name and designation of the product with digital elements | I36: =IF(COUNTIF('Verification Actions'!B2:B343,"* "&B36&" *")=0,"",IF(COUNTIFS('Verification Actions'!B2:B343,"* "&B36&" *",'Verification Actions'!E2:E343,"Verified")=COUNTIF('Verification Actions'!B2:B343,"* "&B36&" *"),"Compliant",IF(COUNTIFS('Verification Actions'!B2:B343,"* "&B36&" *",'Verification Actions'!E2:E343,"Verified")>0,"Partially Compliant","Not Compliant")))
A37: 36 | B37: AnnVI_par1_3 | C37: Annex VI | E37: Annex VI, point 1 | F37: Declare that the product with digital elements is in compliance with Regulation (EU) 2024/2847 | I37: =IF(COUNTIF('Verification Actions'!B2:B343,"* "&B37&" *")=0,"",IF(COUNTIFS('Verification Actions'!B2:B343,"* "&B37&" *",'Verification Actions'!E2:E343,"Verified")=COUNTIF('Verification Actions'!B2:B343,"* "&B37&" *"),"Compliant",IF(COUNTIFS('Verification Actions'!B2:B343,"* "&B37&" *",'Verification Actions'!E2:E343,"Verified")>0,"Partially Compliant","Not Compliant")))
A38: 37 | B38: AnnVI_par1_1 | C38: Annex VI | E38: Annex VI, point 1 | F38: Provide the simplified EU declaration of conformity | I38: =IF(COUNTIF('Verification Actions'!B2:B343,"* "&B38&" *")=0,"",IF(COUNTIFS('Verification Actions'!B2:B343,"* "&B38&" *",'Verification Actions'!E2:E343,"Verified")=COUNTIF('Verification Actions'!B2:B343,"* "&B38&" *"),"Compliant",IF(COUNTIFS('Verification Actions'!B2:B343,"* "&B38&" *",'Verification Actions'!E2:E343,"Verified")>0,"Partially Compliant","Not Compliant")))
A39: 38 | B39: AnnVI_par1_4 | C39: Annex VI | E39: Annex VI, point 1 | F39: Provide the full text of the EU declaration of conformity at a specified internet address | I39: =IF(COUNTIF('Verification Actions'!B2:B343,"* "&B39&" *")=0,"",IF(COUNTIFS('Verification Actions'!B2:B343,"* "&B39&" *",'Verification Actions'!E2:E343,"Verified")=COUNTIF('Verification Actions'!B2:B343,"* "&B39&" *"),"Compliant",IF(COUNTIFS('Verification Actions'!B2:B343,"* "&B39&" *",'Verification Actions'!E2:E343,"Verified")>0,"Partially Compliant","Not Compliant")))
A40: 39 | B40: AnnVII_par1_1 | C40: Annex VII | E40: Annex VII, point 1 | F40: include a general description of the product with digital elements | I40: =IF(COUNTIF('Verification Actions'!B2:B343,"* "&B40&" *")=0,"",IF(COUNTIFS('Verification Actions'!B2:B343,"* "&B40&" *",'Verification Actions'!E2:E343,"Verified")=COUNTIF('Verification Actions'!B2:B343,"* "&B40&" *"),"Compliant",IF(COUNTIFS('Verification Actions'!B2:B343,"* "&B40&" *",'Verification Actions'!E2:E343,"Verified")>0,"Partially Compliant","Not Compliant")))
A41: 40 | B41: AnnVII_par2_2 | C41: Annex VII | E41: Annex VII, point 2 | F41: include a description of the design, development and production of the product with digital elements and vulnerability handling processes | I41: =IF(COUNTIF('Verification Actions'!B2:B343,"* "&B41&" *")=0,"",IF(COUNTIFS('Verification Actions'!B2:B343,"* "&B41&" *",'Verification Actions'!E2:E343,"Verified")=COUNTIF('Verification Actions'!B2:B343,"* "&B41&" *"),"Compliant",IF(COUNTIFS('Verification Actions'!B2:B343,"* "&B41&" *",'Verification Actions'!E2:E343,"Verified")>0,"Partially Compliant","Not Compliant")))
A42: 41 | B42: AnnVII_par3_3 | C42: Annex VII | E42: Annex VII, point 3 | F42: include an assessment of the cybersecurity risks against which the product with digital elements is designed, developed, produced, delivered and maintained | I42: =IF(COUNTIF('Verification Actions'!B2:B343,"* "&B42&" *")=0,"",IF(COUNTIFS('Verification Actions'!B2:B343,"* "&B42&" *",'Verification Actions'!E2:E343,"Verified")=COUNTIF('Verification Actions'!B2:B343,"* "&B42&" *"),"Compliant",IF(COUNTIFS('Verification Actions'!B2:B343,"* "&B42&" *",'Verification Actions'!E2:E343,"Verified")>0,"Partially Compliant","Not Compliant")))
A43: 42 | B43: AnnVII_par4_4 | C43: Annex VII | E43: Annex VII, point 4 | F43: include relevant information that was taken into account to determine the support period | I43: =IF(COUNTIF('Verification Actions'!B2:B343,"* "&B43&" *")=0,"",IF(COUNTIFS('Verification Actions'!B2:B343,"* "&B43&" *",'Verification Actions'!E2:E343,"Verified")=COUNTIF('Verification Actions'!B2:B343,"* "&B43&" *"),"Compliant",IF(COUNTIFS('Verification Actions'!B2:B343,"* "&B43&" *",'Verification Actions'!E2:E343,"Verified")>0,"Partially Compliant","Not Compliant")))
A44: 43 | B44: AnnVII_par6_6 | C44: Annex VII | E44: Annex VII, point 6 | F44: include reports of the tests carried out to verify the conformity of the product with digital elements and of the vulnerability handling processes with the applicable essential cybersecurity requirements | I44: =IF(COUNTIF('Verification Actions'!B2:B343,"* "&B44&" *")=0,"",IF(COUNTIFS('Verification Actions'!B2:B343,"* "&B44&" *",'Verification Actions'!E2:E343,"Verified")=COUNTIF('Verification Actions'!B2:B343,"* "&B44&" *"),"Compliant",IF(COUNTIFS('Verification Actions'!B2:B343,"* "&B44&" *",'Verification Actions'!E2:E343,"Verified")>0,"Partially Compliant","Not Compliant")))
A45: 44 | B45: AnnVII_par5_5 | C45: Annex VII | E45: Annex VII, point 5 | F45: include a list of harmonised standards applied in full or in part, common specifications, or European cybersecurity certification schemes, or descriptions of solutions adopted to meet essential cybersecurity requirements and a list of other relevant technical specifications applied | I45: =IF(COUNTIF('Verification Actions'!B2:B343,"* "&B45&" *")=0,"",IF(COUNTIFS('Verification Actions'!B2:B343,"* "&B45&" *",'Verification Actions'!E2:E343,"Verified")=COUNTIF('Verification Actions'!B2:B343,"* "&B45&" *"),"Compliant",IF(COUNTIFS('Verification Actions'!B2:B343,"* "&B45&" *",'Verification Actions'!E2:E343,"Verified")>0,"Partially Compliant","Not Compliant")))
A46: 45 | B46: AnnVII_par7_7 | C46: Annex VII | E46: Annex VII, point 7 | F46: include a copy of the EU declaration of conformity | I46: =IF(COUNTIF('Verification Actions'!B2:B343,"* "&B46&" *")=0,"",IF(COUNTIFS('Verification Actions'!B2:B343,"* "&B46&" *",'Verification Actions'!E2:E343,"Verified")=COUNTIF('Verification Actions'!B2:B343,"* "&B46&" *"),"Compliant",IF(COUNTIFS('Verification Actions'!B2:B343,"* "&B46&" *",'Verification Actions'!E2:E343,"Verified")>0,"Partially Compliant","Not Compliant")))
A47: 46 | B47: AnnVII_par8_8 | C47: Annex VII | E47: Annex VII, point 8 | F47: provide the software bill of materials upon a reasoned request from a market surveillance authority, provided that it is necessary in order for that authority to be able to check compliance with the essential cybersecurity requirements | G47: Reasoned request from a market surveillance authority | I47: =IF(COUNTIF('Verification Actions'!B2:B343,"* "&B47&" *")=0,"",IF(COUNTIFS('Verification Actions'!B2:B343,"* "&B47&" *",'Verification Actions'!E2:E343,"Verified")=COUNTIF('Verification Actions'!B2:B343,"* "&B47&" *"),"Compliant",IF(COUNTIFS('Verification Actions'!B2:B343,"* "&B47&" *",'Verification Actions'!E2:E343,"Verified")>0,"Partially Compliant","Not Compliant")))
A48: 47 | B48: AnnVIII_PartIII_par2_11 | C48: Annex VIII | E48: Annex VIII, Part III, point 2 | F48: Take all measures necessary so that the production and its monitoring ensure conformity of manufactured products with digital elements with the approved type and essential cybersecurity requirements, and ensure that the manufacturer meets essential cybersecurity requirements. | I48: =IF(COUNTIF('Verification Actions'!B2:B343,"* "&B48&" *")=0,"",IF(COUNTIFS('Verification Actions'!B2:B343,"* "&B48&" *",'Verification Actions'!E2:E343,"Verified")=COUNTIF('Verification Actions'!B2:B343,"* "&B48&" *"),"Compliant",IF(COUNTIFS('Verification Actions'!B2:B343,"* "&B48&" *",'Verification Actions'!E2:E343,"Verified")>0,"Partially Compliant","Not Compliant")))
A49: 48 | B49: AnnVIII_PartIII_par3_13 | C49: Annex VIII | E49: Annex VIII, Part III, point 3.2 | F49: Draw up a written declaration of conformity for a product model and keep it at the disposal of national authorities for 10 years after the product has been placed on the market or for the support period, whichever is longer. | I49: =IF(COUNTIF('Verification Actions'!B2:B343,"* "&B49&" *")=0,"",IF(COUNTIFS('Verification Actions'!B2:B343,"* "&B49&" *",'Verification Actions'!E2:E343,"Verified")=COUNTIF('Verification Actions'!B2:B343,"* "&B49&" *"),"Compliant",IF(COUNTIFS('Verification Actions'!B2:B343,"* "&B49&" *",'Verification Actions'!E2:E343,"Verified")>0,"Partially Compliant","Not Compliant")))
A50: 49 | B50: AnnVIII_PartIV_par5_21 | C50: Annex VIII | E50: Annex VIII, Part IV, point 5.2 | F50: Draw up a written declaration of conformity for each product model and keep it at the disposal of national authorities for 10 years after the product has been placed on the market or for the support period, whichever is longer. | I50: =IF(COUNTIF('Verification Actions'!B2:B343,"* "&B50&" *")=0,"",IF(COUNTIFS('Verification Actions'!B2:B343,"* "&B50&" *",'Verification Actions'!E2:E343,"Verified")=COUNTIF('Verification Actions'!B2:B343,"* "&B50&" *"),"Compliant",IF(COUNTIFS('Verification Actions'!B2:B343,"* "&B50&" *",'Verification Actions'!E2:E343,"Verified")>0,"Partially Compliant","Not Compliant")))
A51: 50 | B51: AnnVIII_PartI_par1_1 | C51: Annex VIII | E51: Annex VIII, Part I, point 1 | F51: Ensure and declare on its sole responsibility that products with digital elements satisfy essential cybersecurity requirements and that the manufacturer meets essential cybersecurity requirements. | I51: =IF(COUNTIF('Verification Actions'!B2:B343,"* "&B51&" *")=0,"",IF(COUNTIFS('Verification Actions'!B2:B343,"* "&B51&" *",'Verification Actions'!E2:E343,"Verified")=COUNTIF('Verification Actions'!B2:B343,"* "&B51&" *"),"Compliant",IF(COUNTIFS('Verification Actions'!B2:B343,"* "&B51&" *",'Verification Actions'!E2:E343,"Verified")>0,"Partially Compliant","Not Compliant")))
A52: 51 | B52: AnnVIII_PartI_par3_3 | C52: Annex VIII | E52: Annex VIII, Part I, point 3 | F52: Take all measures necessary so that the design, development, production and vulnerability handling processes and their monitoring ensure compliance of products with digital elements and of the processes put in place by the manufacturer with the essential cybersecurity requirements. | I52: =IF(COUNTIF('Verification Actions'!B2:B343,"* "&B52&" *")=0,"",IF(COUNTIFS('Verification Actions'!B2:B343,"* "&B52&" *",'Verification Actions'!E2:E343,"Verified")=COUNTIF('Verification Actions'!B2:B343,"* "&B52&" *"),"Compliant",IF(COUNTIFS('Verification Actions'!B2:B343,"* "&B52&" *",'Verification Actions'!E2:E343,"Verified")>0,"Partially Compliant","Not Compliant")))
A53: 52 | B53: AnnVIII_PartI_par4_4 | C53: Annex VIII | E53: Annex VIII, Part I, point 4.1 | F53: Affix the CE marking to each individual product with digital elements that satisfies the applicable requirements. | I53: =IF(COUNTIF('Verification Actions'!B2:B343,"* "&B53&" *")=0,"",IF(COUNTIFS('Verification Actions'!B2:B343,"* "&B53&" *",'Verification Actions'!E2:E343,"Verified")=COUNTIF('Verification Actions'!B2:B343,"* "&B53&" *"),"Compliant",IF(COUNTIFS('Verification Actions'!B2:B343,"* "&B53&" *",'Verification Actions'!E2:E343,"Verified")>0,"Partially Compliant","Not Compliant")))
A54: 53 | B54: AnnVIII_PartI_par4_5 | C54: Annex VIII | E54: Annex VIII, Part I, point 4.2 | F54: Draw up a written EU declaration of conformity for each product with digital elements, identify the product, and keep it and the technical documentation at the disposal of national authorities for 10 years after placement on the market or for the support period, whichever is longer. | I54: =IF(COUNTIF('Verification Actions'!B2:B343,"* "&B54&" *")=0,"",IF(COUNTIFS('Verification Actions'!B2:B343,"* "&B54&" *",'Verification Actions'!E2:E343,"Verified")=COUNTIF('Verification Actions'!B2:B343,"* "&B54&" *"),"Compliant",IF(COUNTIFS('Verification Actions'!B2:B343,"* "&B54&" *",'Verification Actions'!E2:E343,"Verified")>0,"Partially Compliant","Not Compliant")))
A55: 54 | B55: AnnVIII_PartI_par2_2 | C55: Annex VIII | E55: Annex VIII, Part I, point 2 | F55: Draw up the technical documentation described in Annex VII. | I55: =IF(COUNTIF('Verification Actions'!B2:B343,"* "&B55&" *")=0,"",IF(COUNTIFS('Verification Actions'!B2:B343,"* "&B55&" *",'Verification Actions'!E2:E343,"Verified")=COUNTIF('Verification Actions'!B2:B343,"* "&B55&" *"),"Compliant",IF(COUNTIFS('Verification Actions'!B2:B343,"* "&B55&" *",'Verification Actions'!E2:E343,"Verified")>0,"Partially Compliant","Not Compliant")))
A56: 55 | B56: ch2_sec1_art13_par12_1 | C56: Art. 13 | D56: Obligations of manufacturers | E56: Art. 13(12) | F56: Draw up the technical documentation referred to in Article 31 before placing a product with digital elements on the market. | G56: Placing a product with digital elements on the market | I56: =IF(COUNTIF('Verification Actions'!B2:B343,"* "&B56&" *")=0,"",IF(COUNTIFS('Verification Actions'!B2:B343,"* "&B56&" *",'Verification Actions'!E2:E343,"Verified")=COUNTIF('Verification Actions'!B2:B343,"* "&B56&" *"),"Compliant",IF(COUNTIFS('Verification Actions'!B2:B343,"* "&B56&" *",'Verification Actions'!E2:E343,"Verified")>0,"Partially Compliant","Not Compliant")))
A57: 56 | B57: ch2_sec1_art13_par12_3 | C57: Art. 13 | D57: Obligations of manufacturers | E57: Art. 13(12) | F57: Draw up the EU declaration of conformity in accordance with Article 28 and affix the CE marking in accordance with Article 30, where compliance of the product with digital elements with the essential cybersecurity requirements set out in Part I of Annex I and of the processes put in place by the manufacturer with the essential cybersecurity requirements set out in Part II of Annex I has been demonstrated by that conformity assessment procedure. | G57: Demonstrated compliance via conformity assessment procedure | I57: =IF(COUNTIF('Verification Actions'!B2:B343,"* "&B57&" *")=0,"",IF(COUNTIFS('Verification Actions'!B2:B343,"* "&B57&" *",'Verification Actions'!E2:E343,"Verified")=COUNTIF('Verification Actions'!B2:B343,"* "&B57&" *"),"Compliant",IF(COUNTIFS('Verification Actions'!B2:B343,"* "&B57&" *",'Verification Actions'!E2:E343,"Verified")>0,"Partially Compliant","Not Compliant")))
A58: 57 | B58: ch2_sec1_art13_par13_1 | C58: Art. 13 | D58: Obligations of manufacturers | E58: Art. 13(13) | F58: Keep the technical documentation and the EU declaration of conformity at the disposal of the market surveillance authorities for at least 10 years after the product with digital elements has been placed on the market or for the support period, whichever is longer. | I58: =IF(COUNTIF('Verification Actions'!B2:B343,"* "&B58&" *")=0,"",IF(COUNTIFS('Verification Actions'!B2:B343,"* "&B58&" *",'Verification Actions'!E2:E343,"Verified")=COUNTIF('Verification Actions'!B2:B343,"* "&B58&" *"),"Compliant",IF(COUNTIFS('Verification Actions'!B2:B343,"* "&B58&" *",'Verification Actions'!E2:E343,"Verified")>0,"Partially Compliant","Not Compliant")))
A59: 58 | B59: ch2_sec1_art13_par14_1 | C59: Art. 13 | D59: Obligations of manufacturers | E59: Art. 13(14) | F59: Ensure that procedures are in place for products with digital elements that are part of a series of production to remain in conformity with this Regulation. | I59: =IF(COUNTIF('Verification Actions'!B2:B343,"* "&B59&" *")=0,"",IF(COUNTIFS('Verification Actions'!B2:B343,"* "&B59&" *",'Verification Actions'!E2:E343,"Verified")=COUNTIF('Verification Actions'!B2:B343,"* "&B59&" *"),"Compliant",IF(COUNTIFS('Verification Actions'!B2:B343,"* "&B59&" *",'Verification Actions'!E2:E343,"Verified")>0,"Partially Compliant","Not Compliant")))
A60: 59 | B60: ch2_sec1_art13_par14_2 | C60: Art. 13 | D60: Obligations of manufacturers | E60: Art. 13(14) | F60: Adequately take into account changes in the development and production process or in the design or characteristics of the product with digital elements and changes in the harmonised standards, European cybersecurity certification schemes or common specifications as referred to in Article 27 by reference to which the conformity of the product with digital elements is declared or by application of which its conformity is verified. | I60: =IF(COUNTIF('Verification Actions'!B2:B343,"* "&B60&" *")=0,"",IF(COUNTIFS('Verification Actions'!B2:B343,"* "&B60&" *",'Verification Actions'!E2:E343,"Verified")=COUNTIF('Verification Actions'!B2:B343,"* "&B60&" *"),"Compliant",IF(COUNTIFS('Verification Actions'!B2:B343,"* "&B60&" *",'Verification Actions'!E2:E343,"Verified")>0,"Partially Compliant","Not Compliant")))
A61: 60 | B61: ch2_sec1_art13_par15_1 | C61: Art. 13 | D61: Obligations of manufacturers | E61: Art. 13(15) | F61: Ensure that their products with digital elements bear a type, batch or serial number or other element allowing their identification, or, where that is not possible, that that information is provided on their packaging or in a document accompanying the product with digital elements. | I61: =IF(COUNTIF('Verification Actions'!B2:B343,"* "&B61&" *")=0,"",IF(COUNTIFS('Verification Actions'!B2:B343,"* "&B61&" *",'Verification Actions'!E2:E343,"Verified")=COUNTIF('Verification Actions'!B2:B343,"* "&B61&" *"),"Compliant",IF(COUNTIFS('Verification Actions'!B2:B343,"* "&B61&" *",'Verification Actions'!E2:E343,"Verified")>0,"Partially Compliant","Not Compliant")))
A62: 61 | B62: ch2_sec1_art13_par16_1 | C62: Art. 13 | D62: Obligations of manufacturers | E62: Art. 13(16) | F62: Indicate the name, registered trade name or registered trademark of the manufacturer, and the postal address, email address or other digital contact details, as well as, where applicable, the website where the manufacturer can be contacted, on the product with digital elements, on its packaging or in a document accompanying the product with digital elements. | I62: =IF(COUNTIF('Verification Actions'!B2:B343,"* "&B62&" *")=0,"",IF(COUNTIFS('Verification Actions'!B2:B343,"* "&B62&" *",'Verification Actions'!E2:E343,"Verified")=COUNTIF('Verification Actions'!B2:B343,"* "&B62&" *"),"Compliant",IF(COUNTIFS('Verification Actions'!B2:B343,"* "&B62&" *",'Verification Actions'!E2:E343,"Verified")>0,"Partially Compliant","Not Compliant")))
A63: 62 | B63: ch2_sec1_art13_par17_1 | C63: Art. 13 | D63: Obligations of manufacturers | E63: Art. 13(17) | F63: Designate a single point of contact to enable users to communicate directly and rapidly with them, including in order to facilitate reporting on vulnerabilities of the product with digital elements. | G63: For the purposes of this Regulation | I63: =IF(COUNTIF('Verification Actions'!B2:B343,"* "&B63&" *")=0,"",IF(COUNTIFS('Verification Actions'!B2:B343,"* "&B63&" *",'Verification Actions'!E2:E343,"Verified")=COUNTIF('Verification Actions'!B2:B343,"* "&B63&" *"),"Compliant",IF(COUNTIFS('Verification Actions'!B2:B343,"* "&B63&" *",'Verification Actions'!E2:E343,"Verified")>0,"Partially Compliant","Not Compliant")))
A64: 63 | B64: ch2_sec1_art13_par18_1 | C64: Art. 13 | D64: Obligations of manufacturers | E64: Art. 13(18) | F64: Ensure that products with digital elements are accompanied by the information and instructions to the user set out in Annex II, in paper or electronic form. | I64: =IF(COUNTIF('Verification Actions'!B2:B343,"* "&B64&" *")=0,"",IF(COUNTIFS('Verification Actions'!B2:B343,"* "&B64&" *",'Verification Actions'!E2:E343,"Verified")=COUNTIF('Verification Actions'!B2:B343,"* "&B64&" *"),"Compliant",IF(COUNTIFS('Verification Actions'!B2:B343,"* "&B64&" *",'Verification Actions'!E2:E343,"Verified")>0,"Partially Compliant","Not Compliant")))
A65: 64 | B65: ch2_sec1_art13_par18_2 | C65: Art. 13 | D65: Obligations of manufacturers | E65: Art. 13(18) | F65: Keep the information and instructions to the user set out in Annex II at the disposal of users and market surveillance authorities for at least 10 years after the product with digital elements has been placed on the market or for the support period, whichever is longer. | I65: =IF(COUNTIF('Verification Actions'!B2:B343,"* "&B65&" *")=0,"",IF(COUNTIFS('Verification Actions'!B2:B343,"* "&B65&" *",'Verification Actions'!E2:E343,"Verified")=COUNTIF('Verification Actions'!B2:B343,"* "&B65&" *"),"Compliant",IF(COUNTIFS('Verification Actions'!B2:B343,"* "&B65&" *",'Verification Actions'!E2:E343,"Verified")>0,"Partially Compliant","Not Compliant")))
A66: 65 | B66: ch2_sec1_art13_par19_1 | C66: Art. 13 | D66: Obligations of manufacturers | E66: Art. 13(19) | F66: Ensure that the end date of the support period referred to in paragraph 8, including at least the month and the year, is clearly and understandably specified at the time of purchase in an easily accessible manner and, where applicable, on the product with digital elements, its packaging or by digital means. | I66: =IF(COUNTIF('Verification Actions'!B2:B343,"* "&B66&" *")=0,"",IF(COUNTIFS('Verification Actions'!B2:B343,"* "&B66&" *",'Verification Actions'!E2:E343,"Verified")=COUNTIF('Verification Actions'!B2:B343,"* "&B66&" *"),"Compliant",IF(COUNTIFS('Verification Actions'!B2:B343,"* "&B66&" *",'Verification Actions'!E2:E343,"Verified")>0,"Partially Compliant","Not Compliant")))
A67: 66 | B67: ch2_sec1_art13_par19_2 | C67: Art. 13 | D67: Obligations of manufacturers | E67: Art. 13(19) | F67: Where technically feasible in light of the nature of the product with digital elements, display a notification to users informing them that their product with digital elements has reached the end of its support period. | G67: Technical feasibility | I67: =IF(COUNTIF('Verification Actions'!B2:B343,"* "&B67&" *")=0,"",IF(COUNTIFS('Verification Actions'!B2:B343,"* "&B67&" *",'Verification Actions'!E2:E343,"Verified")=COUNTIF('Verification Actions'!B2:B343,"* "&B67&" *"),"Compliant",IF(COUNTIFS('Verification Actions'!B2:B343,"* "&B67&" *",'Verification Actions'!E2:E343,"Verified")>0,"Partially Compliant","Not Compliant")))
A68: 67 | B68: ch2_sec1_art13_par1_1 | C68: Art. 13 | D68: Obligations of manufacturers | E68: Art. 13(1) | F68: Ensure that a product with digital elements has been designed, developed and produced in accordance with the essential cybersecurity requirements set out in Part I of Annex I when placing it on the market. | G68: Placing a product with digital elements on the market | I68: =IF(COUNTIF('Verification Actions'!B2:B343,"* "&B68&" *")=0,"",IF(COUNTIFS('Verification Actions'!B2:B343,"* "&B68&" *",'Verification Actions'!E2:E343,"Verified")=COUNTIF('Verification Actions'!B2:B343,"* "&B68&" *"),"Compliant",IF(COUNTIFS('Verification Actions'!B2:B343,"* "&B68&" *",'Verification Actions'!E2:E343,"Verified")>0,"Partially Compliant","Not Compliant")))
A69: 68 | B69: ch2_sec1_art13_par20_1 | C69: Art. 13 | D69: Obligations of manufacturers | E69: Art. 13(20) | F69: Provide either a copy of the EU declaration of conformity or a simplified EU declaration of conformity with the product with digital elements. | I69: =IF(COUNTIF('Verification Actions'!B2:B343,"* "&B69&" *")=0,"",IF(COUNTIFS('Verification Actions'!B2:B343,"* "&B69&" *",'Verification Actions'!E2:E343,"Verified")=COUNTIF('Verification Actions'!B2:B343,"* "&B69&" *"),"Compliant",IF(COUNTIFS('Verification Actions'!B2:B343,"* "&B69&" *",'Verification Actions'!E2:E343,"Verified")>0,"Partially Compliant","Not Compliant")))
A70: 69 | B70: ch2_sec1_art13_par21_1 | C70: Art. 13 | D70: Obligations of manufacturers | E70: Art. 13(21) | F70: Immediately take the corrective measures necessary to bring that product with digital elements or the manufacturer’s processes into conformity, or to withdraw or recall the product, as appropriate, where they know or have reason to believe that the product with digital elements or the processes put in place by the manufacturer are not in conformity with the essential cybersecurity requirements set out in Annex I. | G70: Knowing or having reason to believe the product or processes are not in conformity | I70: =IF(COUNTIF('Verification Actions'!B2:B343,"* "&B70&" *")=0,"",IF(COUNTIFS('Verification Actions'!B2:B343,"* "&B70&" *",'Verification Actions'!E2:E343,"Verified")=COUNTIF('Verification Actions'!B2:B343,"* "&B70&" *"),"Compliant",IF(COUNTIFS('Verification Actions'!B2:B343,"* "&B70&" *",'Verification Actions'!E2:E343,"Verified")>0,"Partially Compliant","Not Compliant")))
A71: 70 | B71: ch2_sec1_art13_par22_1 | C71: Art. 13 | D71: Obligations of manufacturers | E71: Art. 13(22) | F71: Upon a reasoned request from a market surveillance authority, provide that authority, in a language which can be easily understood by that authority, with all the information and documentation, in paper or electronic form, necessary to demonstrate the conformity of the product with digital elements and of the processes put in place by the manufacturer with the essential cybersecurity requirements set out in Annex I. | G71: Reasoned request from a market surveillance authority | I71: =IF(COUNTIF('Verification Actions'!B2:B343,"* "&B71&" *")=0,"",IF(COUNTIFS('Verification Actions'!B2:B343,"* "&B71&" *",'Verification Actions'!E2:E343,"Verified")=COUNTIF('Verification Actions'!B2:B343,"* "&B71&" *"),"Compliant",IF(COUNTIFS('Verification Actions'!B2:B343,"* "&B71&" *",'Verification Actions'!E2:E343,"Verified")>0,"Partially Compliant","Not Compliant")))
A72: 71 | B72: ch2_sec1_art13_par22_2 | C72: Art. 13 | D72: Obligations of manufacturers | E72: Art. 13(22) | F72: Cooperate with that authority, at its request, on any measures taken to eliminate the cybersecurity risks posed by the product with digital elements which they have placed on the market. | G72: Request from a market surveillance authority | I72: =IF(COUNTIF('Verification Actions'!B2:B343,"* "&B72&" *")=0,"",IF(COUNTIFS('Verification Actions'!B2:B343,"* "&B72&" *",'Verification Actions'!E2:E343,"Verified")=COUNTIF('Verification Actions'!B2:B343,"* "&B72&" *"),"Compliant",IF(COUNTIFS('Verification Actions'!B2:B343,"* "&B72&" *",'Verification Actions'!E2:E343,"Verified")>0,"Partially Compliant","Not Compliant")))
A73: 72 | B73: ch2_sec1_art13_par23_1 | C73: Art. 13 | D73: Obligations of manufacturers | E73: Art. 13(23) | F73: Inform, before the cessation of operations takes effect, the relevant market surveillance authorities as well as, by any means available and to the extent possible, the users of the relevant products with digital elements placed on the market, of the impending cessation of operations. | G73: Cessation of operations | H73: Before cessation of operations takes effect | I73: =IF(COUNTIF('Verification Actions'!B2:B343,"* "&B73&" *")=0,"",IF(COUNTIFS('Verification Actions'!B2:B343,"* "&B73&" *",'Verification Actions'!E2:E343,"Verified")=COUNTIF('Verification Actions'!B2:B343,"* "&B73&" *"),"Compliant",IF(COUNTIFS('Verification Actions'!B2:B343,"* "&B73&" *",'Verification Actions'!E2:E343,"Verified")>0,"Partially Compliant","Not Compliant")))
A74: 73 | B74: ch2_sec1_art13_par2_1 | C74: Art. 13 | D74: Obligations of manufacturers | E74: Art. 13(2) | F74: Undertake an assessment of the cybersecurity risks associated with a product with digital elements and take the outcome of that assessment into account during the planning, design, development, production, delivery and maintenance phases of the product with digital elements with a view to minimising cybersecurity risks, preventing incidents and minimising their impact, including in relation to the health and safety of users. | G74: Complying with paragraph 1 | I74: =IF(COUNTIF('Verification Actions'!B2:B343,"* "&B74&" *")=0,"",IF(COUNTIFS('Verification Actions'!B2:B343,"* "&B74&" *",'Verification Actions'!E2:E343,"Verified")=COUNTIF('Verification Actions'!B2:B343,"* "&B74&" *"),"Compliant",IF(COUNTIFS('Verification Actions'!B2:B343,"* "&B74&" *",'Verification Actions'!E2:E343,"Verified")>0,"Partially Compliant","Not Compliant")))
A75: 74 | B75: ch2_sec1_art13_par5_1 | C75: Art. 13 | D75: Obligations of manufacturers | E75: Art. 13(5) | F75: Exercise due diligence when integrating components sourced from third parties so that those components do not compromise the cybersecurity of the product with digital elements, including when integrating components of free and open-source software that have not been made available on the market in the course of a commercial activity. | G75: Complying with paragraph 1 | I75: =IF(COUNTIF('Verification Actions'!B2:B343,"* "&B75&" *")=0,"",IF(COUNTIFS('Verification Actions'!B2:B343,"* "&B75&" *",'Verification Actions'!E2:E343,"Verified")=COUNTIF('Verification Actions'!B2:B343,"* "&B75&" *"),"Compliant",IF(COUNTIFS('Verification Actions'!B2:B343,"* "&B75&" *",'Verification Actions'!E2:E343,"Verified")>0,"Partially Compliant","Not Compliant")))
A76: 75 | B76: ch2_sec1_art13_par6_1 | C76: Art. 13 | D76: Obligations of manufacturers | E76: Art. 13(6) | F76: Upon identifying a vulnerability in a component, including in an open source-component, which is integrated in the product with digital elements, report the vulnerability to the person or entity manufacturing or maintaining the component, and address and remediate the vulnerability in accordance with the vulnerability handling requirements set out in Part II of Annex I. | G76: Identifying a vulnerability in a component | I76: =IF(COUNTIF('Verification Actions'!B2:B343,"* "&B76&" *")=0,"",IF(COUNTIFS('Verification Actions'!B2:B343,"* "&B76&" *",'Verification Actions'!E2:E343,"Verified")=COUNTIF('Verification Actions'!B2:B343,"* "&B76&" *"),"Compliant",IF(COUNTIFS('Verification Actions'!B2:B343,"* "&B76&" *",'Verification Actions'!E2:E343,"Verified")>0,"Partially Compliant","Not Compliant")))
A77: 76 | B77: ch2_sec1_art13_par7_1 | C77: Art. 13 | D77: Obligations of manufacturers | E77: Art. 13(7) | F77: Systematically document, in a manner that is proportionate to the nature and the cybersecurity risks, relevant cybersecurity aspects concerning the products with digital elements, including vulnerabilities of which they become aware and any relevant information provided by third parties, and where applicable, update the cybersecurity risk assessment of the products. | I77: =IF(COUNTIF('Verification Actions'!B2:B343,"* "&B77&" *")=0,"",IF(COUNTIFS('Verification Actions'!B2:B343,"* "&B77&" *",'Verification Actions'!E2:E343,"Verified")=COUNTIF('Verification Actions'!B2:B343,"* "&B77&" *"),"Compliant",IF(COUNTIFS('Verification Actions'!B2:B343,"* "&B77&" *",'Verification Actions'!E2:E343,"Verified")>0,"Partially Compliant","Not Compliant")))
A78: 77 | B78: ch2_sec1_art13_par8_1 | C78: Art. 13 | D78: Obligations of manufacturers | E78: Art. 13(8) | F78: Ensure, when placing a product with digital elements on the market, and for the support period, that vulnerabilities of that product, including its components, are handled effectively and in accordance with the essential cybersecurity requirements set out in Part II of Annex I. | G78: Placing a product with digital elements on the market | I78: =IF(COUNTIF('Verification Actions'!B2:B343,"* "&B78&" *")=0,"",IF(COUNTIFS('Verification Actions'!B2:B343,"* "&B78&" *",'Verification Actions'!E2:E343,"Verified")=COUNTIF('Verification Actions'!B2:B343,"* "&B78&" *"),"Compliant",IF(COUNTIFS('Verification Actions'!B2:B343,"* "&B78&" *",'Verification Actions'!E2:E343,"Verified")>0,"Partially Compliant","Not Compliant")))
A79: 78 | B79: ch2_sec1_art13_par8_3 | C79: Art. 13 | D79: Obligations of manufacturers | E79: Art. 13(8) | F79: Include the information that was taken into account to determine the support period of a product with digital elements in the technical documentation as set out in Annex VII. | I79: =IF(COUNTIF('Verification Actions'!B2:B343,"* "&B79&" *")=0,"",IF(COUNTIFS('Verification Actions'!B2:B343,"* "&B79&" *",'Verification Actions'!E2:E343,"Verified")=COUNTIF('Verification Actions'!B2:B343,"* "&B79&" *"),"Compliant",IF(COUNTIFS('Verification Actions'!B2:B343,"* "&B79&" *",'Verification Actions'!E2:E343,"Verified")>0,"Partially Compliant","Not Compliant")))
A80: 79 | B80: ch2_sec1_art13_par8_4 | C80: Art. 13 | D80: Obligations of manufacturers | E80: Art. 13(8) | F80: Have appropriate policies and procedures, including coordinated vulnerability disclosure policies, referred to in Part II, point (5), of Annex I to process and remediate potential vulnerabilities in the product with digital elements reported from internal or external sources. | I80: =IF(COUNTIF('Verification Actions'!B2:B343,"* "&B80&" *")=0,"",IF(COUNTIFS('Verification Actions'!B2:B343,"* "&B80&" *",'Verification Actions'!E2:E343,"Verified")=COUNTIF('Verification Actions'!B2:B343,"* "&B80&" *"),"Compliant",IF(COUNTIFS('Verification Actions'!B2:B343,"* "&B80&" *",'Verification Actions'!E2:E343,"Verified")>0,"Partially Compliant","Not Compliant")))
A81: 80 | B81: ch2_sec1_art13_par10_1 | C81: Art. 13 | D81: Obligations of manufacturers | E81: Art. 13(10) | F81: Ensure that users of the versions that were previously placed on the market have access to the version last placed on the market free of charge and do not incur additional costs to adjust the hardware and software environment in which they use the original version of that product. | G81: Placing substantially modified versions of a software product on the market | I81: =IF(COUNTIF('Verification Actions'!B2:B343,"* "&B81&" *")=0,"",IF(COUNTIFS('Verification Actions'!B2:B343,"* "&B81&" *",'Verification Actions'!E2:E343,"Verified")=COUNTIF('Verification Actions'!B2:B343,"* "&B81&" *"),"Compliant",IF(COUNTIFS('Verification Actions'!B2:B343,"* "&B81&" *",'Verification Actions'!E2:E343,"Verified")>0,"Partially Compliant","Not Compliant")))
A82: 81 | B82: ch2_sec1_art13_par11_1 | C82: Art. 13 | D82: Obligations of manufacturers | E82: Art. 13(11) | F82: Clearly inform users in an easily accessible manner about risks associated with using unsupported software when maintaining public software archives enhancing user access to historical versions. | G82: Maintaining public software archives | I82: =IF(COUNTIF('Verification Actions'!B2:B343,"* "&B82&" *")=0,"",IF(COUNTIFS('Verification Actions'!B2:B343,"* "&B82&" *",'Verification Actions'!E2:E343,"Verified")=COUNTIF('Verification Actions'!B2:B343,"* "&B82&" *"),"Compliant",IF(COUNTIFS('Verification Actions'!B2:B343,"* "&B82&" *",'Verification Actions'!E2:E343,"Verified")>0,"Partially Compliant","Not Compliant")))
A83: 82 | B83: ch2_sec1_art13_par12_2 | C83: Art. 13 | D83: Obligations of manufacturers | E83: Art. 13(12) | F83: Carry out the chosen conformity assessment procedures as referred to in Article 32 or have them carried out. | I83: =IF(COUNTIF('Verification Actions'!B2:B343,"* "&B83&" *")=0,"",IF(COUNTIFS('Verification Actions'!B2:B343,"* "&B83&" *",'Verification Actions'!E2:E343,"Verified")=COUNTIF('Verification Actions'!B2:B343,"* "&B83&" *"),"Compliant",IF(COUNTIFS('Verification Actions'!B2:B343,"* "&B83&" *",'Verification Actions'!E2:E343,"Verified")>0,"Partially Compliant","Not Compliant")))
A84: 83 | B84: ch2_sec1_art13_par17_2 | C84: Art. 13 | D84: Obligations of manufacturers | E84: Art. 13(17) | F84: Ensure that the single point of contact is easily identifiable by the users. | I84: =IF(COUNTIF('Verification Actions'!B2:B343,"* "&B84&" *")=0,"",IF(COUNTIFS('Verification Actions'!B2:B343,"* "&B84&" *",'Verification Actions'!E2:E343,"Verified")=COUNTIF('Verification Actions'!B2:B343,"* "&B84&" *"),"Compliant",IF(COUNTIFS('Verification Actions'!B2:B343,"* "&B84&" *",'Verification Actions'!E2:E343,"Verified")>0,"Partially Compliant","Not Compliant")))
A85: 84 | B85: ch2_sec1_art13_par17_3 | C85: Art. 13 | D85: Obligations of manufacturers | E85: Art. 13(17) | F85: Include the single point of contact in the information and instructions to the user set out in Annex II. | I85: =IF(COUNTIF('Verification Actions'!B2:B343,"* "&B85&" *")=0,"",IF(COUNTIFS('Verification Actions'!B2:B343,"* "&B85&" *",'Verification Actions'!E2:E343,"Verified")=COUNTIF('Verification Actions'!B2:B343,"* "&B85&" *"),"Compliant",IF(COUNTIFS('Verification Actions'!B2:B343,"* "&B85&" *",'Verification Actions'!E2:E343,"Verified")>0,"Partially Compliant","Not Compliant")))
A86: 85 | B86: ch2_sec1_art13_par3_1 | C86: Art. 13 | D86: Obligations of manufacturers | E86: Art. 13(3) | F86: Document and update the cybersecurity risk assessment as appropriate during a support period to be determined in accordance with paragraph 8 of this Article. | I86: =IF(COUNTIF('Verification Actions'!B2:B343,"* "&B86&" *")=0,"",IF(COUNTIFS('Verification Actions'!B2:B343,"* "&B86&" *",'Verification Actions'!E2:E343,"Verified")=COUNTIF('Verification Actions'!B2:B343,"* "&B86&" *"),"Compliant",IF(COUNTIFS('Verification Actions'!B2:B343,"* "&B86&" *",'Verification Actions'!E2:E343,"Verified")>0,"Partially Compliant","Not Compliant")))
A87: 86 | B87: ch2_sec1_art13_par4_1 | C87: Art. 13 | D87: Obligations of manufacturers | E87: Art. 13(4) | F87: Include the cybersecurity risk assessment referred to in paragraph 3 of this Article in the technical documentation required pursuant to Article 31 and Annex VII. | G87: Placing a product with digital elements on the market | I87: =IF(COUNTIF('Verification Actions'!B2:B343,"* "&B87&" *")=0,"",IF(COUNTIFS('Verification Actions'!B2:B343,"* "&B87&" *",'Verification Actions'!E2:E343,"Verified")=COUNTIF('Verification Actions'!B2:B343,"* "&B87&" *"),"Compliant",IF(COUNTIFS('Verification Actions'!B2:B343,"* "&B87&" *",'Verification Actions'!E2:E343,"Verified")>0,"Partially Compliant","Not Compliant")))
A88: 87 | B88: ch2_sec1_art13_par4_2 | C88: Art. 13 | D88: Obligations of manufacturers | E88: Art. 13(4) | F88: Include a clear justification in the technical documentation where certain essential cybersecurity requirements are not applicable to the product with digital elements. | G88: Not applying certain essential cybersecurity requirements | I88: =IF(COUNTIF('Verification Actions'!B2:B343,"* "&B88&" *")=0,"",IF(COUNTIFS('Verification Actions'!B2:B343,"* "&B88&" *",'Verification Actions'!E2:E343,"Verified")=COUNTIF('Verification Actions'!B2:B343,"* "&B88&" *"),"Compliant",IF(COUNTIFS('Verification Actions'!B2:B343,"* "&B88&" *",'Verification Actions'!E2:E343,"Verified")>0,"Partially Compliant","Not Compliant")))
A89: 88 | B89: ch2_sec1_art13_par6_2 | C89: Art. 13 | D89: Obligations of manufacturers | E89: Art. 13(6) | F89: Where they have developed a software or hardware modification to address the vulnerability in that component, share the relevant code or documentation with the person or entity manufacturing or maintaining the component, where appropriate in a machine-readable format. | G89: Developing a software or hardware modification to address a vulnerability | I89: =IF(COUNTIF('Verification Actions'!B2:B343,"* "&B89&" *")=0,"",IF(COUNTIFS('Verification Actions'!B2:B343,"* "&B89&" *",'Verification Actions'!E2:E343,"Verified")=COUNTIF('Verification Actions'!B2:B343,"* "&B89&" *"),"Compliant",IF(COUNTIFS('Verification Actions'!B2:B343,"* "&B89&" *",'Verification Actions'!E2:E343,"Verified")>0,"Partially Compliant","Not Compliant")))
A90: 89 | B90: ch2_sec1_art13_par8_2 | C90: Art. 13 | D90: Obligations of manufacturers | E90: Art. 13(8) | F90: Determine the support period so that it reflects the length of time during which the product is expected to be in use, taking into account, in particular, reasonable user expectations, the nature of the product, including its intended purpose, as well as relevant Union law determining the lifetime of products with digital elements. | I90: =IF(COUNTIF('Verification Actions'!B2:B343,"* "&B90&" *")=0,"",IF(COUNTIFS('Verification Actions'!B2:B343,"* "&B90&" *",'Verification Actions'!E2:E343,"Verified")=COUNTIF('Verification Actions'!B2:B343,"* "&B90&" *"),"Compliant",IF(COUNTIFS('Verification Actions'!B2:B343,"* "&B90&" *",'Verification Actions'!E2:E343,"Verified")>0,"Partially Compliant","Not Compliant")))
A91: 90 | B91: ch2_sec1_art13_par9_1 | C91: Art. 13 | D91: Obligations of manufacturers | E91: Art. 13(9) | F91: Ensure that each security update, as referred to in Part II, point (8), of Annex I, which has been made available to users during the support period, remains available after it has been issued for a minimum of 10 years or for the remainder of the support period, whichever is longer. | I91: =IF(COUNTIF('Verification Actions'!B2:B343,"* "&B91&" *")=0,"",IF(COUNTIFS('Verification Actions'!B2:B343,"* "&B91&" *",'Verification Actions'!E2:E343,"Verified")=COUNTIF('Verification Actions'!B2:B343,"* "&B91&" *"),"Compliant",IF(COUNTIFS('Verification Actions'!B2:B343,"* "&B91&" *",'Verification Actions'!E2:E343,"Verified")>0,"Partially Compliant","Not Compliant")))
A92: 91 | B92: ch2_sec1_art14_par1_1 | C92: Art. 14 | D92: Reporting obligations of manufacturers | E92: Art. 14(1) | F92: notify any actively exploited vulnerability contained in the product with digital elements that it becomes aware of simultaneously to the CSIRT designated as coordinator and to ENISA | G92: Becoming aware of an actively exploited vulnerability | I92: =IF(COUNTIF('Verification Actions'!B2:B343,"* "&B92&" *")=0,"",IF(COUNTIFS('Verification Actions'!B2:B343,"* "&B92&" *",'Verification Actions'!E2:E343,"Verified")=COUNTIF('Verification Actions'!B2:B343,"* "&B92&" *"),"Compliant",IF(COUNTIFS('Verification Actions'!B2:B343,"* "&B92&" *",'Verification Actions'!E2:E343,"Verified")>0,"Partially Compliant","Not Compliant")))
A93: 92 | B93: ch2_sec1_art14_par3_1 | C93: Art. 14 | D93: Reporting obligations of manufacturers | E93: Art. 14(3) | F93: notify any severe incident having an impact on the security of the product with digital elements that it becomes aware of simultaneously to the CSIRT designated as coordinator and to ENISA | G93: Becoming aware of a severe incident | I93: =IF(COUNTIF('Verification Actions'!B2:B343,"* "&B93&" *")=0,"",IF(COUNTIFS('Verification Actions'!B2:B343,"* "&B93&" *",'Verification Actions'!E2:E343,"Verified")=COUNTIF('Verification Actions'!B2:B343,"* "&B93&" *"),"Compliant",IF(COUNTIFS('Verification Actions'!B2:B343,"* "&B93&" *",'Verification Actions'!E2:E343,"Verified")>0,"Partially Compliant","Not Compliant")))
A94: 93 | B94: ch2_sec1_art14_par4_1 | C94: Art. 14 | D94: Reporting obligations of manufacturers | E94: Art. 14(4)(a) | F94: submit an early warning notification of a severe incident having an impact on the security of the product with digital elements | G94: Becoming aware of a severe incident | H94: within 24 hours of becoming aware of it | I94: =IF(COUNTIF('Verification Actions'!B2:B343,"* "&B94&" *")=0,"",IF(COUNTIFS('Verification Actions'!B2:B343,"* "&B94&" *",'Verification Actions'!E2:E343,"Verified")=COUNTIF('Verification Actions'!B2:B343,"* "&B94&" *"),"Compliant",IF(COUNTIFS('Verification Actions'!B2:B343,"* "&B94&" *",'Verification Actions'!E2:E343,"Verified")>0,"Partially Compliant","Not Compliant")))
A95: 94 | B95: ch2_sec1_art14_par8_1 | C95: Art. 14 | D95: Reporting obligations of manufacturers | E95: Art. 14(8) | F95: inform the impacted users of the product with digital elements, and where appropriate all users, of that vulnerability or incident and, where necessary, of any risk mitigation and corrective measures that the users can deploy | G95: Becoming aware of an actively exploited vulnerability or a severe incident | I95: =IF(COUNTIF('Verification Actions'!B2:B343,"* "&B95&" *")=0,"",IF(COUNTIFS('Verification Actions'!B2:B343,"* "&B95&" *",'Verification Actions'!E2:E343,"Verified")=COUNTIF('Verification Actions'!B2:B343,"* "&B95&" *"),"Compliant",IF(COUNTIFS('Verification Actions'!B2:B343,"* "&B95&" *",'Verification Actions'!E2:E343,"Verified")>0,"Partially Compliant","Not Compliant")))
A96: 95 | B96: ch2_sec1_art14_par2_1 | C96: Art. 14 | D96: Reporting obligations of manufacturers | E96: Art. 14(2)(a) | F96: submit an early warning notification of an actively exploited vulnerability | G96: Becoming aware of an actively exploited vulnerability | H96: within 24 hours of becoming aware of it | I96: =IF(COUNTIF('Verification Actions'!B2:B343,"* "&B96&" *")=0,"",IF(COUNTIFS('Verification Actions'!B2:B343,"* "&B96&" *",'Verification Actions'!E2:E343,"Verified")=COUNTIF('Verification Actions'!B2:B343,"* "&B96&" *"),"Compliant",IF(COUNTIFS('Verification Actions'!B2:B343,"* "&B96&" *",'Verification Actions'!E2:E343,"Verified")>0,"Partially Compliant","Not Compliant")))
A97: 96 | B97: ch2_sec1_art14_par2_2 | C97: Art. 14 | D97: Reporting obligations of manufacturers | E97: Art. 14(2)(b) | F97: submit a vulnerability notification | G97: Becoming aware of the actively exploited vulnerability (unless information already provided) | H97: within 72 hours of becoming aware of it | I97: =IF(COUNTIF('Verification Actions'!B2:B343,"* "&B97&" *")=0,"",IF(COUNTIFS('Verification Actions'!B2:B343,"* "&B97&" *",'Verification Actions'!E2:E343,"Verified")=COUNTIF('Verification Actions'!B2:B343,"* "&B97&" *"),"Compliant",IF(COUNTIFS('Verification Actions'!B2:B343,"* "&B97&" *",'Verification Actions'!E2:E343,"Verified")>0,"Partially Compliant","Not Compliant")))
A98: 97 | B98: ch2_sec1_art14_par2_3 | C98: Art. 14 | D98: Reporting obligations of manufacturers | E98: Art. 14(2)(c) | F98: submit a final report | G98: Availability of a corrective or mitigating measure (unless information already provided) | H98: no later than 14 days after a corrective or mitigating measure is available | I98: =IF(COUNTIF('Verification Actions'!B2:B343,"* "&B98&" *")=0,"",IF(COUNTIFS('Verification Actions'!B2:B343,"* "&B98&" *",'Verification Actions'!E2:E343,"Verified")=COUNTIF('Verification Actions'!B2:B343,"* "&B98&" *"),"Compliant",IF(COUNTIFS('Verification Actions'!B2:B343,"* "&B98&" *",'Verification Actions'!E2:E343,"Verified")>0,"Partially Compliant","Not Compliant")))
A99: 98 | B99: ch2_sec1_art14_par4_2 | C99: Art. 14 | D99: Reporting obligations of manufacturers | E99: Art. 14(4)(b) | F99: submit an incident notification | G99: Becoming aware of the incident (unless information already provided) | H99: within 72 hours of becoming aware of the incident | I99: =IF(COUNTIF('Verification Actions'!B2:B343,"* "&B99&" *")=0,"",IF(COUNTIFS('Verification Actions'!B2:B343,"* "&B99&" *",'Verification Actions'!E2:E343,"Verified")=COUNTIF('Verification Actions'!B2:B343,"* "&B99&" *"),"Compliant",IF(COUNTIFS('Verification Actions'!B2:B343,"* "&B99&" *",'Verification Actions'!E2:E343,"Verified")>0,"Partially Compliant","Not Compliant")))
A100: 99 | B100: ch2_sec1_art14_par4_3 | C100: Art. 14 | D100: Reporting obligations of manufacturers | E100: Art. 14(4)(c) | F100: submit a final report | G100: Submission of the incident notification under point (b) (unless information already provided) | H100: within one month after the submission of the incident notification under point (b) | I100: =IF(COUNTIF('Verification Actions'!B2:B343,"* "&B100&" *")=0,"",IF(COUNTIFS('Verification Actions'!B2:B343,"* "&B100&" *",'Verification Actions'!E2:E343,"Verified")=COUNTIF('Verification Actions'!B2:B343,"* "&B100&" *"),"Compliant",IF(COUNTIFS('Verification Actions'!B2:B343,"* "&B100&" *",'Verification Actions'!E2:E343,"Verified")>0,"Partially Compliant","Not Compliant")))
...

Sheet Verification Actions
A1: # | B1: Associated Obligations | C1: Verification Type | D1: Verification Description | E1: Status | F1: Required Evidence | G1: Evidence Provided | H1: Notes
A2: 1 | B2: ch2_sec1_art14_par4_3 | C2: Inspection | D2: Verify all required sections and content are present in the final report. | F2: Signed final report checklist or audit trail of report content review.
A3: 2 | B3: ch3_sec1_art31_par1_1 ch1_sec1_art6_par1_2 | C3: Inspection | D3: Inspect implementation of security controls documented in Annex I, Part II. | F3: System configuration files and implementation logs.
A4: 3 | B4: AnnVI_par1_1 | C4: Inspection | D4: Inspect the process for creating and approving the EU declaration of conformity. | F4: Record of internal approval for the EU declaration of conformity.
A5: 4 | B5: AnnI_PartII_par2_16 | C5: Inspection | D5: Inspection of records showing security updates and their deployment dates. | F5: Security Update Deployment Logs and Release Notes.
A6: 5 | B6: ch3_sec1_art28_par2_3 | C6: Inspection | D6: Inspect provided documentation for all required information related to product conformity. | F6: Checklist of mandatory documentation elements and confirmation of their presence.
A7: 6 | B7: AnnI_par2_12 | C7: Inspection | D7: Inspection of source code for implementation of mitigation techniques. | F7: Code review logs confirming integration of exploitation mitigation features.
A8: 7 | B8: AnnI_par2_9 | C8: Inspection | D8: Inspect implemented resilience and mitigation measures for essential functions. | F8: Configuration files and system logs demonstrating active resilience measures.
A9: 8 | B9: ch2_sec1_art13_par14_1 | C9: Inspection | D9: Inspection of records for product updates and conformity checks in production. | F9: Production logs demonstrating tracking of updates and conformity verification for product series.
A10: 9 | B10: ch3_sec1_art28_par1_2 | C10: Inspection | D10: Inspection of product/system evidence confirming compliance with Annex I requirements. | F10: Inspection report detailing findings related to Annex I compliance.
A11: 10 | B11: ch2_sec1_art13_par2_1 | C11: Inspection | D11: Inspect design documents for evidence of risk mitigation integration. | F11: Design specifications and architecture documents referencing risk analysis.
A12: 11 | B12: ch8_sec1_art69_par3_1 | C12: Inspection | D12: Verify existence of a vulnerability disclosure policy for pre-December 2027 products. | F12: Published vulnerability disclosure policy document.
A13: 12 | B13: ch3_sec1_art30_par4_1 | C13: Inspection | D13: Visually inspect the product or its packaging for the presence of the notified body identification number. | F13: Photographic evidence of the product/packaging with the identification number clearly visible.
... A343: 342 | B343: ch3_sec1_art32_par1_2 | C343: Waiver | D343: Waiver if alternative compliance demonstration method is approved by competent authority. | F343: Official waiver document
